<colors>
// First of all:
// Many colors have been changed to a brown/black color pallet. For the standard colors, check this site:  https://eniowakfu.github.io/wakfu-theme-viewer/
// Some ids I couldn't find in game, even if I changed one by one to a high color. The most of them are below the list, commented with "//"
// The ids with the commentary "// ?" at the end are followed by the standard color and those I couldn't find in game as well.
// This file was developed by Fukumoto#1466 (discord tag) and is not an oficial file.

	//Login Interface -----------------------------------------------------
  <color id="loadingWheelColor" color="#f1f1f1"/>				// Loading Wheel  ***
  <color id="windowBackgroundColor" color="#212121"/>			// Login Background  ***
  <color id="loginGradientColor" color="#424246"/>			// Login Gradient  ***
	<color id="progressBarDefaultColor" color="#d4d9dd"/>		// Loading Bar *** 

	//Text -----------------------------------------------------
	<color id="textDarkTextEditorColor" color="#f1f1f1"/>		// Name Editor Color (Mounts, Pets, Etc)
	<color id="mecanicBlueColor" color="#ffffff"/>				// Pop-up, login info and pass info color, General kinda dark color. 080808 / 1a1a1d / f1f1f1
	<color id="mecanicDarkBlueColor" color="#ffffff"/>			// Character Name Color [Original: Dark Color] 5d432c ; 424246
	<color id="mecanicLightBlueColor" color="#aad6d3"/>			// ? aad6d3
	<color id="defaultLightColor" color="#d4d9dd"/>				// Login Interface Loading text [Original: Light Color] // d4d9dd
	<color id="defaultBlackColor" color="#ffffff"/>				// Skill Level and Effects Title (Stats like AP, MP, etc on P page) f1f1f1 1a1a1d
	<color id="defaultDarkColor" color="#ffffff"/>				// NPC Text and choices and Titles on Guild / Contact list (like "Name", "Lvl.") 424246 1a1a1d
	<color id="selectionDarkTextEditorColor" color="#d4d9dd"/>	// Companion Name Edit Text d4d9dd AND real account name text (light blue)

	<color id="whiteColor" color="#f6f4ee"/>					// Mouse Over Light Color and Equip/Spell Page title color f6f4ee
	<color id="blackColor" color="#ffffff"/>					// Guild Accept Quest Buttons 232326 AND TABs MOUSE OVER BACKGROUND COLORS (contacts, options, etc)
	<color id="greenColor" color="#f1f1f1"/>					// ? 0fe50f
	<color id="greyColor" color="#f1f1f1"/>						// LOGIN / PASSWORD Title Colors
	<color id="redColor" color="#e50f0f"/>						// Example: Enchantment Table "Choose an Item" text - red
	<color id="lightRedColor" color="#d83f3f"/>					// ? d83f3f

	//AP MP WP HP XP Level -----------------------------------------------------
	<color id="APColor" color="#0070de"/>						// ? 003365
	<color id="APLightColor" color="#00aeea"/>					// ? 00aeea

	<color id="MPColor" color="#927D4E"/>						// ? 927D4E
	<color id="MPLightColor" color="#00b400"/>					// ? 00b400

	<color id="WPColor" color="#1eb68d"/>						// ? 1eb68d
	<color id="WPLightColor" color="#27b68e"/>					// ? 27b68e

	<color id="enemyTeamHPColor" color="#cb0000"/>				// Enemy HP Bar
	<color id="playerTeamHPColor" color="#2b6684"/>				// Ally HP Bar
	<color id="HPColor" color="#de4a14"/>						// HP Color 7D2A0C
	//color id="ArmorColor" color="#00b400"/> //037071
	<color id="heartHPColor" color="#2b6684"/>
	//color id="heartArmorColor" color="#00b400"/>

	<color id="xpColor" color="#2b6684"/>						// XP Bar
	<color id="xpColorCompanion" color="#2b6684"/>				// XP Companion Bar
	<color id="xpPremiumColor" color="#012e67"/>				// Premium XP gained
	<color id="xpUnpenalizedColor" color="#2b6684"/>			// XP gained Color

	<color id="levelColor" color="#000000"/>					// Level 614b3e

	//Wakfu -------------------------------------------------------
	<color id="wakfuBarColor" color="#4c4c4c"/>					// ? 4c4c4c
	<color id="wakfuColor" color="#65b2c6"/>					// Area Wakfu Bar when not Full (monsters and resources amount, "W" tab)
	<color id="protectorColor" color="#f7890a"/>				// Area Wakfu Bar when FULL (monsters and resources amount, "W" tab)
	//color id="ogrestColor" color="#614b3e"/>					// Ogrest Tear Prog Bar (MAYBE)

	//Default -----------------------------------------------------
	<color id="defaultDarkGreyColor" color="#605456"/>			// ? 605456
	<color id="defaultDisabledColor" color="#999999"/>			// Market Get Back Disabled
	<color id="defaultIntenseGoldColor" color="#65b2c6"/>		// Calendar Day Selected
	<color id="defaultLightGoldColor" color="#ffc526"/>			// ? ffc526

	<color id="evenCellColor" color="#5e5b60"/>					// Spell and Item description color
	<color id="oddCellColor" color="#424246"/>					// Spell and Item description color

  <!-- End of fight screen color -->
    <color id="fightReportOddCellColor" color="#5e5b60"/>
    <color id="fightReportEvenCellColor" color="#424246"/>

	//Pressed and Selected -----------------------------------------------------
	<color id="pressedBlackColor" color="#b2b2b2"/>				// ? b2b2b2
	<color id="pressedLightColor" color="#2b6684"/>				// Mouse over background for Level Selection ALS, All list selections 212121 ; 2b6684
	<color id="selectedCellColor" color="#b2b2b2"/>				// Guild Selection	 d4d9dd
	<color id="mouseOverCellColor" color="#b2b2b2"/>			// Guild and Contact List mouse over color	 f1f1f1
	<color id="transparencyModulationColor" color="#929594"/>	// Map Disabled Icons

	//Fight IDs -----------------------------------------------------
	<color id="tacticalModeBackgroundColor" color="#26323d"/>	// 101A1B	
	<color id="tacticalModeEvenCellColor" color="#141B1C"/>	// 2F484A
	<color id="tacticalModeOddCellColor" color="#111617"/>	// 2A4042
	<color id="tacticalModeObstacleCellColor" color= "0.000,0.000,0.150,0.75"/> //"0.1,0.1,0.1,0.85"	//"#121E1F"
	<color id="tacticalModeLineColor" color="#436D70"/>	

	<color id="semiTacticalModeBackgroundColor" color="#0f0e0b"/>	
	<color id="semiTacticalModeObstacleCellColor" color="0.1,0.1,0.1,0.85"/>	//0.344,0.320,0.244,0.85
	// color id="semiTacticalModeLineColor" color="0.408,0.388,0.340,0.3"/>	

	<color id="fightRangeColor" color="#0eac9f"/>	// 0eac9f
	<color id="fightZoneEffectColor" color="0.288,0.288,0.850,0.75"/>		 //EEDF95  4287f5
	<color id="fightRangeColorWithConstraints" color="#EF4644"/>	
	<color id="fightRangeColorWithoutLineOfSight" color="#44AAA2"/>	
	<color id="fightEmptyCellNeededColor" color="#f1f1f1"/>	//dab458
	<color id="fightPathColor" color="#55AA55"/>	
	<color id="fightPathErrorColor" color="#EF4644"/> //EF4644
		
	<color id="fightResistancesBackgroundColor" color="#243739"/>	
	<color id="fightResistancesTextColor" color="#E5F0EE"/>	
	<color id="fightMinResistancesTextColor" color="#55AA55"/>	
	<color id="fightMaxResistancesTextColor" color="#EF4644"/>		

	// ?

	<color id="dungeonLadderSeparatorColor" color="#142121"/>	
	<color id="webShopHighlightColor" color="#18292a"/>	
	<color id="descriptionPopupColor" color="#f0c517" /><!-- Couleurs description item -->

  //New found IDs -----------------------------------------------------
  // color id="fleaEvenCellColor" color="#d73d6c"/> <!-- Couleurs Vitrine HS -->
  // color id="fleaOddCellColor" color="#d73d6c"/> <!-- Couleurs Vitrine HS -->
  // color id="commonItemColor" color="#0fe50f"/>
  // color id="detailedCellColor" color="#d73d6c"/>

	//Scroll ----------------------------------------------------- // Mainly Transparent Colors to match Scrolls (Like the Calendar "Rewards" title text). Preferably not change this.
	// color id="scrollEvenCellColor" color="#d73d6c"/>
	<color id="scrollFleshColor" color="#ffffff"/> <!-- Couleurs Gros Titres Quêtes -->
	<color id="questObjectiveColor" color="#f5f3ee"/><!-- Couleur Objectifs Quêtes -->
	// color id="scrollMouseOverCellColor" color="#d73d6c"/>
	// color id="scrollOddCellColor" color="#d73d6c"/>
	// color id="scrollSelectedCellColor" color="#d73d6c"/>
	// color id="scrollYellowColor" color="#d73d6c"/>

	//Tooltip ----------------------------------------------------- // Couldn't Find it or didn't work
	// color id="tooltipBackgroundColor" color="#d73d6c"/>
	// color id="tooltipBorderColor" color="#d73d6c"/>

	//Gear ----------------------------------------------------- // Couldn't Find it or didn't work
	// color id="adminItemColor" color="#d73d6c"/>
	// color id="unusualItemColor" color="#d73d6c"/>
	// color id="commonItemColor" color="#d73d6c"/>
	// color id="rareItemColor" color="#d73d6c"/>
	// color id="mythicItemColor" color="#d73d6c"/>
	// color id="legendaryItemColor" color="#d73d6c"/>

	//Unknown ----------------------------------------------------- // Couldn't Find it or didn't work
	// color id="darkEvenCellColor" color="#5e5b60"/>
	// color id="darkMouseOverCellColor" color="#5e5b60"/> // 5e5b60
	// color id="darkOddCellColor" color="#424246"/>
	// color id="darkSelectedCellColor" color="#d73d6c"/> // d73d6c
	<color id="greyInvalidColor" color="#f1f1f1g"/>
	// color id="orangeTransColor" color="#d73d6c"/>
	// color id="redInvalidBuildColor" color="#d73d6c"/>
	// color id="popupInformationColor" color="#d73d6c"/>
	// color id="tableCellBorderColor" color="#d73d6c"/>
	// color id="errorColor" color="#d73d6c"/>
	// color id="yellowScoreColor" color="#d73d6c"/>

	//New ----------------------------------------------------- //
	  <color id="serverOnlineColor" color="0,0.4,0,1"/>
    <color id="serverUnavailableColor" color="0.85,0,0,1"/>
    <color id="serverDifferentVersion" color="0.85,0.46,0,1"/>

    <color id="team1PlacementCellColor" color="0.95,0.44,0.15,0.6"/>
    <color id="team2PlacementCellColor" color="#65b2c6"/> //"0.2,0.77,0.82,0.6"/>
// This file was developed by fukumoto (discord tag) and is not an oficial file.
</colors>

